lookback_days,option_type,avg_early_ex_premium
20,call,0.007058816323273358
20,put,0.03847640682199701
40,call,0.004952022579079858
40,put,0.03622742423074965
60,call,0.00821304014185061
60,put,0.039672624658434096
